Running ID,Model Name,Expand Contractions,Basic Preprocessing,Grammar Correction,Simplify Negotiations,Lemmatize,Remove Stop Words,No. of Sentences,Train Accuracy STOP,Test Accuracy STOP,Train Loss STOP,Test Loss STOP,Train_sentence_fully_catched_ratio,Test_sentence_fully_catched_ratio,Length of Sentence,Batch size of RNN,label_array,corpus_size
2022-5-23-18-19-40,RNN,0,1,0,0,0,0,30000,0.954033315,0.890556216,0.152764633,0.32315737,79.92333333,84.10364146,70,25,"[0, 1, 0, 0, 0, 0]",43684
2022-5-23-22-30-22,RNN,0,1,0,0,0,1,30000,0.656499982,0.710284114,1.47238028,4.147665501,89.42333333,92.5170068,70,25,"[0, 1, 0, 0, 0, 1]",41498
2022-5-26-14-19-25,RNN,0,1,0,0,1,0,30000,0.41503334,0.431672662,9.023097038,8.766422272,78.33333333,84.10364146,70,25,"[0, 1, 0, 0, 1, 0]",41583
2022-5-26-15-45-9,RNN,0,1,0,0,1,1,30000,0.807666659,0.874649882,0.440947384,0.318692625,88.32,92.30692277,70,25,"[0, 1, 0, 0, 1, 1]",41527
2022-5-24-0-0-43,RNN,0,1,0,1,0,0,30000,0.960699975,0.888055205,0.136629939,0.3674227,79.92333333,84.10364146,70,25,"[0, 1, 0, 1, 0, 0]",43684
2022-5-23-18-19-40,RNN,0,1,0,1,0,1,30000,0.943733335,0.878851533,0.176744446,0.362885416,89.42333333,92.5170068,70,25,"[0, 1, 0, 1, 0, 1]",43619
2022-5-26-14-43-55,RNN,0,1,0,1,1,0,30000,0.95146668,0.87414968,0.158086061,0.358113348,78.33333333,84.10364146,70,25,"[0, 1, 0, 1, 1, 0]",41583
2022-5-26-15-27-21,RNN,0,1,0,1,1,1,30000,0.907866657,0.858343363,0.292415977,0.415772468,88.32,92.30692277,70,25,"[0, 1, 0, 1, 1, 1]",41527
2022-5-23-18-19-40,RNN,0,1,1,0,0,0,30000,0.897933304,0.856442571,0.289303035,0.370867699,79.92333333,84.10364146,70,25,"[0, 1, 1, 0, 0, 0]",29991
2022-5-23-18-19-40,RNN,0,1,1,0,0,1,30000,0.637933314,0.668867528,1.57899332,4.077804565,91.52333333,94.08763505,70,25,"[0, 1, 1, 0, 0, 1]",41442
2022-5-26-14-25-35,RNN,0,1,1,0,1,0,30000,0.950366676,0.880152047,0.149935097,0.329931974,78.33333333,84.10364146,70,25,"[0, 1, 1, 0, 1, 0]",25993
2022-5-26-16-22-57,RNN,0,1,1,0,1,1,30000,0.918533325,0.854241669,0.230873585,0.360588551,90.57,93.92757103,70,25,"[0, 1, 1, 0, 1, 1]",25598
2022-5-23-18-19-40,RNN,0,1,1,1,0,0,30000,0.95236665,0.887655079,0.144374847,0.304914385,79.92333333,84.10364146,70,25,"[0, 1, 1, 1, 0, 0]",29991
2022-5-23-23-2-0,RNN,0,1,1,1,0,1,30000,0.846533358,0.812424958,0.464065909,0.530612171,91.52333333,94.08763505,70,25,"[0, 1, 1, 1, 0, 1]",25967
2022-5-26-14-35-19,RNN,0,1,1,1,1,0,30000,0.940033317,0.882352948,0.188855603,0.323181391,78.33333333,84.10364146,70,25,"[0, 1, 1, 1, 1, 0]",25993
2022-5-26-16-17-20,RNN,0,1,1,1,1,1,30000,0.41503334,0.431672662,9.023103714,8.766422272,90.57,93.92757103,70,25,"[0, 1, 1, 1, 1, 1]",25598
2022-5-23-18-19-40,RNN,1,1,0,0,0,0,30000,0.875800014,0.844037592,1.069708347,1.220730066,79.92333333,84.14365746,70,25,"[1, 1, 0, 0, 0, 0]",43592
2022-5-23-18-19-40,RNN,1,1,0,0,0,1,30000,0.716499984,0.838135242,0.577745318,0.402091384,89.56,92.62705082,70,25,"[1, 1, 0, 0, 0, 1]",25573
2022-5-26-15-6-21,RNN,1,1,0,0,1,0,30000,0.41503334,0.431672662,9.023108482,8.766422272,78.32666667,84.14365746,70,25,"[1, 1, 0, 0, 1, 0]",41498
2022-5-26-15-52-8,RNN,1,1,0,0,1,1,30000,0.78883332,0.755802333,1.816945791,1.780691147,88.43666667,92.43697479,70,25,"[1, 1, 0, 0, 1, 1]",41442
2022-5-23-23-30-33,RNN,1,1,0,1,0,0,30000,0.950266659,0.887855113,0.153938562,0.308650553,79.92333333,84.14365746,70,25,"[1, 1, 0, 1, 0, 0]",43592
2022-5-23-18-19-40,RNN,1,1,0,1,0,1,30000,0.917966664,0.866346538,0.260250628,0.360942453,89.56,92.62705082,70,25,"[1, 1, 0, 1, 0, 1]",43527
2022-5-26-15-17-20,RNN,1,1,0,1,1,0,30000,0.949733317,0.89015609,0.162349209,0.311234027,78.32666667,84.14365746,70,25,"[1, 1, 0, 1, 1, 0]",41498
2022-5-26-16-10-34,RNN,1,1,0,1,1,1,30000,0.41503334,0.431672662,9.02311039,8.766422272,88.43666667,92.43697479,70,25,"[1, 1, 0, 1, 1, 1]",41442
2022-5-23-18-19-40,RNN,1,1,1,0,0,0,30000,0.803266644,0.859343767,0.450113475,0.364793479,79.92333333,84.14365746,70,25,"[1, 1, 1, 0, 0, 0]",29962
2022-5-23-18-19-40,RNN,1,1,1,0,0,1,30000,0.676466644,0.664465785,2.418525457,1.11956811,91.56333333,94.15766307,70,25,"[1, 1, 1, 0, 0, 1]",41498
2022-5-26-15-12-4,RNN,1,1,1,0,1,0,30000,0.529666662,0.431672662,5.246747017,8.766422272,78.32666667,84.14365746,70,25,"[1, 1, 1, 0, 1, 0]",25967
2022-5-26-16-39-17,RNN,1,1,1,0,1,1,30000,0.840266645,0.81012404,0.428642362,0.500522316,90.62,93.98759504,70,25,"[1, 1, 1, 0, 1, 1]",25573
2022-5-23-18-19-40,RNN,1,1,1,1,0,0,30000,0.612999976,0.621548593,2.283370733,0.652441621,79.92333333,84.14365746,70,25,"[1, 1, 1, 1, 0, 0]",25598
2022-5-23-18-19-40,RNN,1,1,1,1,0,1,30000,0.80613333,0.776710689,1.641918182,2.285076857,91.56333333,94.15766307,70,25,"[1, 1, 1, 1, 0, 1]",25967
2022-5-26-15-1-44,RNN,1,1,1,1,1,0,30000,0.41503334,0.431672662,9.023099899,8.766422272,78.32666667,84.14365746,70,25,"[1, 1, 1, 1, 1, 0]",25967
2022-5-26-16-54-37,RNN,1,1,1,1,1,1,30000,0.41503334,0.431672662,9.023100853,8.766422272,90.62,93.98759504,70,25,"[1, 1, 1, 1, 1, 1]",25573
